Title,Description,Link,Media URL,Pinterest board,Publish date
Printable Free 12 Addition Math Worksheet For Grade 5 | Printable Practice,Free printable Addition worksheet for Grade 5. Perfect for homeschool practice and classroom activities.,https://mathworksheetkidscoloringdesigns.github.io/html/printable-free-12-addition-math-worksheet-for-grade-5-5969.html,https://mathworksheetkidscoloringdesigns.github.io/images/printable-free-12-addition-math-worksheet-for-grade-5-5969.jpg,Homeschool Math,03/17/2026 08:31:00 AM
Printable Count and Color Worksheet for Grade 1 Kids,Free printable Count and Color worksheet for Grade 1. Perfect for homeschool practice and classroom activities.,https://mathworksheetkidscoloringdesigns.github.io/html/printable-count-and-color-worksheet-for-grade-1-kids-1613.html,https://mathworksheetkidscoloringdesigns.github.io/images/printable-count-and-color-worksheet-for-grade-1-kids-1613.jpg,Printable Worksheets,03/17/2026 11:05:00 AM
Free Counting Objects Worksheet For Pre-K Printable - Part 3 | Printable Practice,Free printable Counting Objects worksheet for Pre-K. Perfect for homeschool practice and classroom activities.,https://mathworksheetkidscoloringdesigns.github.io/html/free-counting-objects-worksheet-for-pre-k-printable-part-3-2379.html,https://mathworksheetkidscoloringdesigns.github.io/images/free-counting-objects-worksheet-for-pre-k-printable-part-3-2379.jpg,Printable Worksheets,03/17/2026 01:28:00 PM
Grade 2 Division Practice Worksheet (29 Problems) - Part 4 | Printable Practice,Free printable Division worksheet for Grade 2. Perfect for homeschool practice and classroom activities.,https://mathworksheetkidscoloringdesigns.github.io/html/grade-2-division-practice-worksheet-29-problems-part-4-2349.html,https://mathworksheetkidscoloringdesigns.github.io/images/grade-2-division-practice-worksheet-29-problems-part-4-2349.jpg,Elementary Math Activities,03/17/2026 04:25:00 PM
4 Mathematics Problem Set Quiz Worksheet,Teachers and parents love this Math worksheet for Math. Download and print instantly.,https://mathworksheetkidscoloringdesigns.github.io/html/4-mathematics-problem-set-quiz-worksheet-9248.html,https://mathworksheetkidscoloringdesigns.github.io/images/4-mathematics-problem-set-quiz-worksheet-9248.jpg,Homeschool Math,03/17/2026 08:35:00 PM
Missing Number Math Worksheet,Teachers and parents love this Missing Number worksheet for Grade 1. Download and print instantly.,https://mathworksheetkidscoloringdesigns.github.io/html/missing-number-math-worksheet-3764.html,https://mathworksheetkidscoloringdesigns.github.io/images/missing-number-math-worksheet-3764.jpg,Math Practice Printables,03/18/2026 08:28:00 AM
Mixed Operations Math Worksheet,Fun and engaging Mixed Operations worksheet for Grade 3. Perfect printable math practice.,https://mathworksheetkidscoloringdesigns.github.io/html/mixed-operations-math-worksheet-8173.html,https://mathworksheetkidscoloringdesigns.github.io/images/mixed-operations-math-worksheet-8173.jpg,Kids Math Worksheets,03/18/2026 11:01:00 AM
Free 17 Multiplication Math Worksheet For Grade 2 - Part 8 | Printable Practice,Printable Multiplication worksheet designed for Grade 2 students. Easy and fun math practice.,https://mathworksheetkidscoloringdesigns.github.io/html/free-17-multiplication-math-worksheet-for-grade-2-part-8-9874.html,https://mathworksheetkidscoloringdesigns.github.io/images/free-17-multiplication-math-worksheet-for-grade-2-part-8-9874.jpg,Homeschool Math,03/18/2026 01:24:00 PM
Free 10 Subtraction Math Worksheet For Grade 3 - Part 9 | Printable Practice,Teachers and parents love this Subtraction worksheet for Grade 3. Download and print instantly.,https://mathworksheetkidscoloringdesigns.github.io/html/free-10-subtraction-math-worksheet-for-grade-3-part-9-2240.html,https://mathworksheetkidscoloringdesigns.github.io/images/free-10-subtraction-math-worksheet-for-grade-3-part-9-2240.jpg,Homeschool Math,03/18/2026 04:25:00 PM
Printable 3 Times Table Worksheet For Grade 2 - Part 10 | Printable Practice,Free printable Times Table worksheet for Grade 2. Perfect for homeschool practice and classroom activities.,https://mathworksheetkidscoloringdesigns.github.io/html/printable-3-times-table-worksheet-for-grade-2-part-10-3527.html,https://mathworksheetkidscoloringdesigns.github.io/images/printable-3-times-table-worksheet-for-grade-2-part-10-3527.jpg,Math Practice Printables,03/18/2026 08:31:00 PM
Printable Tracing Worksheet For Kids - Part 11 | Free Printable,Fun and engaging Tracing worksheet for Preschool. Perfect printable math practice.,https://mathworksheetkidscoloringdesigns.github.io/html/printable-tracing-worksheet-for-kids-part-11-5388.html,https://mathworksheetkidscoloringdesigns.github.io/images/printable-tracing-worksheet-for-kids-part-11-5388.jpg,Math Practice Printables,03/19/2026 08:38:00 AM
Math Word Problem Worksheet,Printable Word Problem worksheet designed for Grade 3 students. Easy and fun math practice.,https://mathworksheetkidscoloringdesigns.github.io/html/math-word-problem-worksheet-6704.html,https://mathworksheetkidscoloringdesigns.github.io/images/math-word-problem-worksheet-6704.jpg,Kids Math Worksheets,03/19/2026 11:00:00 AM
Free 18 Addition Math Worksheet For Grade 5 - Part 13 | Printable Practice,Teachers and parents love this Addition worksheet for Grade 5. Download and print instantly.,https://mathworksheetkidscoloringdesigns.github.io/html/free-18-addition-math-worksheet-for-grade-5-part-13-2441.html,https://mathworksheetkidscoloringdesigns.github.io/images/free-18-addition-math-worksheet-for-grade-5-part-13-2441.jpg,Math Practice Printables,03/19/2026 01:37:00 PM
Grade 1 Count and Color Shapes Worksheet,Teachers and parents love this Count and Color worksheet for Grade 1. Download and print instantly.,https://mathworksheetkidscoloringdesigns.github.io/html/grade-1-count-and-color-shapes-worksheet-7825.html,https://mathworksheetkidscoloringdesigns.github.io/images/grade-1-count-and-color-shapes-worksheet-7825.jpg,Math Practice Printables,03/19/2026 04:24:00 PM
Free Counting Objects Worksheet For Pre-K Printable - Part 15 | Printable Practice,Help kids master Counting Objects with this printable worksheet for Pre-K. Great for daily math practice.,https://mathworksheetkidscoloringdesigns.github.io/html/free-counting-objects-worksheet-for-pre-k-printable-part-15-6711.html,https://mathworksheetkidscoloringdesigns.github.io/images/free-counting-objects-worksheet-for-pre-k-printable-part-15-6711.jpg,Homeschool Math,03/19/2026 08:26:00 PM
Printable Free 22 Division Math Worksheet For Grade 2 - Part 16 | Printable Practice,Printable Division worksheet designed for Grade 2 students. Easy and fun math practice.,https://mathworksheetkidscoloringdesigns.github.io/html/printable-free-22-division-math-worksheet-for-grade-2-part-16-8299.html,https://mathworksheetkidscoloringdesigns.github.io/images/printable-free-22-division-math-worksheet-for-grade-2-part-16-8299.jpg,Kids Math Worksheets,03/20/2026 08:35:00 AM
Advanced Mathematics Practice Test Worksheet,Printable Math worksheet designed for Math students. Easy and fun math practice.,https://mathworksheetkidscoloringdesigns.github.io/html/advanced-mathematics-practice-test-worksheet-1349.html,https://mathworksheetkidscoloringdesigns.github.io/images/advanced-mathematics-practice-test-worksheet-1349.jpg,Printable Worksheets,03/20/2026 11:02:00 AM
Missing Number Math Worksheet,Printable Missing Number worksheet designed for Grade 1 students. Easy and fun math practice.,https://mathworksheetkidscoloringdesigns.github.io/html/missing-number-math-worksheet-5104.html,https://mathworksheetkidscoloringdesigns.github.io/images/missing-number-math-worksheet-5104.jpg,Kids Math Worksheets,03/20/2026 01:31:00 PM
Mixed Operations Math Worksheet,Printable Mixed Operations worksheet designed for Grade 3 students. Easy and fun math practice.,https://mathworksheetkidscoloringdesigns.github.io/html/mixed-operations-math-worksheet-8539.html,https://mathworksheetkidscoloringdesigns.github.io/images/mixed-operations-math-worksheet-8539.jpg,Kids Math Worksheets,03/20/2026 04:32:00 PM
Grade 2 Multiplication Practice Worksheet (11 Problems) - Part 20 | Printable Practice,Teachers and parents love this Multiplication worksheet for Grade 2. Download and print instantly.,https://mathworksheetkidscoloringdesigns.github.io/html/grade-2-multiplication-practice-worksheet-11-problems-part-20-7929.html,https://mathworksheetkidscoloringdesigns.github.io/images/grade-2-multiplication-practice-worksheet-11-problems-part-20-7929.jpg,Math Practice Printables,03/20/2026 08:24:00 PM
Free 29 Subtraction Math Worksheet For Grade 3 With Answers - Part 21 | Printable Practice,Teachers and parents love this Subtraction worksheet for Grade 3. Download and print instantly.,https://mathworksheetkidscoloringdesigns.github.io/html/free-29-subtraction-math-worksheet-for-grade-3-with-answers-part-21-1452.html,https://mathworksheetkidscoloringdesigns.github.io/images/free-29-subtraction-math-worksheet-for-grade-3-with-answers-part-21-1452.jpg,Homeschool Math,03/21/2026 08:32:00 AM
Printable 6 Times Table Worksheet For Grade 3 - Part 22 | Printable Practice,Printable Times Table worksheet designed for Grade 3 students. Easy and fun math practice.,https://mathworksheetkidscoloringdesigns.github.io/html/printable-6-times-table-worksheet-for-grade-3-part-22-2615.html,https://mathworksheetkidscoloringdesigns.github.io/images/printable-6-times-table-worksheet-for-grade-3-part-22-2615.jpg,Kids Math Worksheets,03/21/2026 11:00:00 AM
Printable Tracing Worksheet For Kids - Part 23 | Free Printable,Fun and engaging Tracing worksheet for Preschool. Perfect printable math practice.,https://mathworksheetkidscoloringdesigns.github.io/html/printable-tracing-worksheet-for-kids-part-23-5777.html,https://mathworksheetkidscoloringdesigns.github.io/images/printable-tracing-worksheet-for-kids-part-23-5777.jpg,Homeschool Math,03/21/2026 01:24:00 PM
Math Word Problem Worksheet,Free printable Word Problem worksheet for Grade 3. Perfect for homeschool practice and classroom activities.,https://mathworksheetkidscoloringdesigns.github.io/html/math-word-problem-worksheet-1861.html,https://mathworksheetkidscoloringdesigns.github.io/images/math-word-problem-worksheet-1861.jpg,Elementary Math Activities,03/21/2026 04:26:00 PM
Grade 1 Addition Practice Worksheet (25 Problems) - Part 25 | Printable Practice,Teachers and parents love this Addition worksheet for Grade 1. Download and print instantly.,https://mathworksheetkidscoloringdesigns.github.io/html/grade-1-addition-practice-worksheet-25-problems-part-25-9346.html,https://mathworksheetkidscoloringdesigns.github.io/images/grade-1-addition-practice-worksheet-25-problems-part-25-9346.jpg,Printable Worksheets,03/21/2026 08:23:00 PM
Fun Count and Color Objects Worksheet for Grade 1,Printable Count and Color worksheet designed for Grade 1 students. Easy and fun math practice.,https://mathworksheetkidscoloringdesigns.github.io/html/fun-count-and-color-objects-worksheet-for-grade-1-8088.html,https://mathworksheetkidscoloringdesigns.github.io/images/fun-count-and-color-objects-worksheet-for-grade-1-8088.jpg,Math Practice Printables,03/22/2026 08:30:00 AM
Free Counting Objects Worksheet For Pre-K Printable - Part 27 | Printable Practice,Printable Counting Objects worksheet designed for Pre-K students. Easy and fun math practice.,https://mathworksheetkidscoloringdesigns.github.io/html/free-counting-objects-worksheet-for-pre-k-printable-part-27-9558.html,https://mathworksheetkidscoloringdesigns.github.io/images/free-counting-objects-worksheet-for-pre-k-printable-part-27-9558.jpg,Math Practice Printables,03/22/2026 11:00:00 AM
Grade 2 Division Practice Worksheet (12 Problems) - Part 28 | Printable Practice,Free printable Division worksheet for Grade 2. Perfect for homeschool practice and classroom activities.,https://mathworksheetkidscoloringdesigns.github.io/html/grade-2-division-practice-worksheet-12-problems-part-28-4228.html,https://mathworksheetkidscoloringdesigns.github.io/images/grade-2-division-practice-worksheet-12-problems-part-28-4228.jpg,Elementary Math Activities,03/22/2026 01:29:00 PM
4 Math Quiz Practice Worksheet,Fun and engaging Math worksheet for Math. Perfect printable math practice.,https://mathworksheetkidscoloringdesigns.github.io/html/4-math-quiz-practice-worksheet-5981.html,https://mathworksheetkidscoloringdesigns.github.io/images/4-math-quiz-practice-worksheet-5981.jpg,Elementary Math Activities,03/22/2026 04:27:00 PM
Missing Number Math Worksheet,Printable Missing Number worksheet designed for Grade 1 students. Easy and fun math practice.,https://mathworksheetkidscoloringdesigns.github.io/html/missing-number-math-worksheet-4842.html,https://mathworksheetkidscoloringdesigns.github.io/images/missing-number-math-worksheet-4842.jpg,Homeschool Math,03/22/2026 08:23:00 PM
Mixed Operations Math Worksheet,Help kids master Mixed Operations with this printable worksheet for Grade 3. Great for daily math practice.,https://mathworksheetkidscoloringdesigns.github.io/html/mixed-operations-math-worksheet-9272.html,https://mathworksheetkidscoloringdesigns.github.io/images/mixed-operations-math-worksheet-9272.jpg,Kids Math Worksheets,03/23/2026 08:32:00 AM
Grade 1 Multiplication Practice Worksheet (12 Problems) - Part 32 | Printable Practice,Fun and engaging Multiplication worksheet for Grade 1. Perfect printable math practice.,https://mathworksheetkidscoloringdesigns.github.io/html/grade-1-multiplication-practice-worksheet-12-problems-part-32-9033.html,https://mathworksheetkidscoloringdesigns.github.io/images/grade-1-multiplication-practice-worksheet-12-problems-part-32-9033.jpg,Math Practice Printables,03/23/2026 11:05:00 AM
Printable Free 14 Subtraction Math Worksheet For Grade 2 - Part 33 | Printable Practice,Free printable Subtraction worksheet for Grade 2. Perfect for homeschool practice and classroom activities.,https://mathworksheetkidscoloringdesigns.github.io/html/printable-free-14-subtraction-math-worksheet-for-grade-2-part-33-4447.html,https://mathworksheetkidscoloringdesigns.github.io/images/printable-free-14-subtraction-math-worksheet-for-grade-2-part-33-4447.jpg,Math Practice Printables,03/23/2026 01:23:00 PM
4 Times Table Worksheet For Grade 2 - Part 34 | Printable Practice,Printable Times Table worksheet designed for Grade 2 students. Easy and fun math practice.,https://mathworksheetkidscoloringdesigns.github.io/html/4-times-table-worksheet-for-grade-2-part-34-3163.html,https://mathworksheetkidscoloringdesigns.github.io/images/4-times-table-worksheet-for-grade-2-part-34-3163.jpg,Homeschool Math,03/23/2026 04:33:00 PM
Printable Tracing Worksheet For Kids - Part 35 | Free Printable,Help kids master Tracing with this printable worksheet for Kindergarten. Great for daily math practice.,https://mathworksheetkidscoloringdesigns.github.io/html/printable-tracing-worksheet-for-kids-part-35-7157.html,https://mathworksheetkidscoloringdesigns.github.io/images/printable-tracing-worksheet-for-kids-part-35-7157.jpg,Elementary Math Activities,03/23/2026 08:35:00 PM
Math Word Problem Worksheet,Fun and engaging Word Problem worksheet for Grade 3. Perfect printable math practice.,https://mathworksheetkidscoloringdesigns.github.io/html/math-word-problem-worksheet-5852.html,https://mathworksheetkidscoloringdesigns.github.io/images/math-word-problem-worksheet-5852.jpg,Math Practice Printables,03/24/2026 08:32:00 AM
Free 14 Addition Math Worksheet For Grade 3 With Answers - Part 37 | Printable Practice,Free printable Addition worksheet for Grade 3. Perfect for homeschool practice and classroom activities.,https://mathworksheetkidscoloringdesigns.github.io/html/free-14-addition-math-worksheet-for-grade-3-with-answers-part-37-5251.html,https://mathworksheetkidscoloringdesigns.github.io/images/free-14-addition-math-worksheet-for-grade-3-with-answers-part-37-5251.jpg,Homeschool Math,03/24/2026 11:00:00 AM
Grade 1 Count and Color Shapes Worksheet,Free printable Count and Color worksheet for Grade 1. Perfect for homeschool practice and classroom activities.,https://mathworksheetkidscoloringdesigns.github.io/html/grade-1-count-and-color-shapes-worksheet-4210.html,https://mathworksheetkidscoloringdesigns.github.io/images/grade-1-count-and-color-shapes-worksheet-4210.jpg,Homeschool Math,03/24/2026 01:36:00 PM
Pre-K Count The Objects Worksheet - Part 39 | Printable Practice,Free printable Counting Objects worksheet for Pre-K. Perfect for homeschool practice and classroom activities.,https://mathworksheetkidscoloringdesigns.github.io/html/pre-k-count-the-objects-worksheet-part-39-8505.html,https://mathworksheetkidscoloringdesigns.github.io/images/pre-k-count-the-objects-worksheet-part-39-8505.jpg,Kids Math Worksheets,03/24/2026 04:28:00 PM
Grade 2 Division Practice Worksheet (10 Problems) - Part 40 | Printable Practice,Free printable Division worksheet for Grade 2. Perfect for homeschool practice and classroom activities.,https://mathworksheetkidscoloringdesigns.github.io/html/grade-2-division-practice-worksheet-10-problems-part-40-5489.html,https://mathworksheetkidscoloringdesigns.github.io/images/grade-2-division-practice-worksheet-10-problems-part-40-5489.jpg,Math Practice Printables,03/24/2026 08:31:00 PM
4 Math Trivia Practice Worksheet,Fun and engaging Math worksheet for Math. Perfect printable math practice.,https://mathworksheetkidscoloringdesigns.github.io/html/4-math-trivia-practice-worksheet-9678.html,https://mathworksheetkidscoloringdesigns.github.io/images/4-math-trivia-practice-worksheet-9678.jpg,Math Practice Printables,03/25/2026 08:36:00 AM
Missing Number Math Worksheet,Teachers and parents love this Missing Number worksheet for Grade 1. Download and print instantly.,https://mathworksheetkidscoloringdesigns.github.io/html/missing-number-math-worksheet-8918.html,https://mathworksheetkidscoloringdesigns.github.io/images/missing-number-math-worksheet-8918.jpg,Kids Math Worksheets,03/25/2026 11:01:00 AM
Mixed Operations Math Worksheet,Printable Mixed Operations worksheet designed for Grade 3 students. Easy and fun math practice.,https://mathworksheetkidscoloringdesigns.github.io/html/mixed-operations-math-worksheet-9628.html,https://mathworksheetkidscoloringdesigns.github.io/images/mixed-operations-math-worksheet-9628.jpg,Homeschool Math,03/25/2026 01:38:00 PM
Grade 2 Multiplication Practice Worksheet (19 Problems) - Part 44 | Printable Practice,Teachers and parents love this Multiplication worksheet for Grade 2. Download and print instantly.,https://mathworksheetkidscoloringdesigns.github.io/html/grade-2-multiplication-practice-worksheet-19-problems-part-44-7667.html,https://mathworksheetkidscoloringdesigns.github.io/images/grade-2-multiplication-practice-worksheet-19-problems-part-44-7667.jpg,Elementary Math Activities,03/25/2026 04:25:00 PM
Grade 2 Subtraction Practice Worksheet (21 Problems) - Part 45 | Printable Practice,Teachers and parents love this Subtraction worksheet for Grade 2. Download and print instantly.,https://mathworksheetkidscoloringdesigns.github.io/html/grade-2-subtraction-practice-worksheet-21-problems-part-45-6841.html,https://mathworksheetkidscoloringdesigns.github.io/images/grade-2-subtraction-practice-worksheet-21-problems-part-45-6841.jpg,Math Practice Printables,03/25/2026 08:38:00 PM
Printable 7 Times Table Worksheet For Grade 3 - Part 46 | Printable Practice,Free printable Times Table worksheet for Grade 3. Perfect for homeschool practice and classroom activities.,https://mathworksheetkidscoloringdesigns.github.io/html/printable-7-times-table-worksheet-for-grade-3-part-46-7121.html,https://mathworksheetkidscoloringdesigns.github.io/images/printable-7-times-table-worksheet-for-grade-3-part-46-7121.jpg,Elementary Math Activities,03/26/2026 08:33:00 AM
Printable Tracing Worksheet For Kids - Part 47 | Free Printable,Teachers and parents love this Tracing worksheet for Preschool. Download and print instantly.,https://mathworksheetkidscoloringdesigns.github.io/html/printable-tracing-worksheet-for-kids-part-47-3383.html,https://mathworksheetkidscoloringdesigns.github.io/images/printable-tracing-worksheet-for-kids-part-47-3383.jpg,Kids Math Worksheets,03/26/2026 11:08:00 AM
Math Word Problem Worksheet,Printable Word Problem worksheet designed for Grade 3 students. Easy and fun math practice.,https://mathworksheetkidscoloringdesigns.github.io/html/math-word-problem-worksheet-2759.html,https://mathworksheetkidscoloringdesigns.github.io/images/math-word-problem-worksheet-2759.jpg,Math Practice Printables,03/26/2026 01:26:00 PM
Printable Free 28 Addition Math Worksheet For Grade 1 - Part 49 | Printable Practice,Fun and engaging Addition worksheet for Grade 1. Perfect printable math practice.,https://mathworksheetkidscoloringdesigns.github.io/html/printable-free-28-addition-math-worksheet-for-grade-1-part-49-1784.html,https://mathworksheetkidscoloringdesigns.github.io/images/printable-free-28-addition-math-worksheet-for-grade-1-part-49-1784.jpg,Homeschool Math,03/26/2026 04:38:00 PM
"Count and Color Triangle, Ball, Apple Worksheet for Kids",Help kids master Count and Color with this printable worksheet for Preschool. Great for daily math practice.,https://mathworksheetkidscoloringdesigns.github.io/html/count-and-color-triangle-ball-apple-worksheet-for-kids-1620.html,https://mathworksheetkidscoloringdesigns.github.io/images/count-and-color-triangle-ball-apple-worksheet-for-kids-1620.jpg,Kids Math Worksheets,03/26/2026 08:23:00 PM
Learn Counting With Pictures Worksheet (Pre-K) - Part 51 | Printable Practice,Teachers and parents love this Counting Objects worksheet for Pre-K. Download and print instantly.,https://mathworksheetkidscoloringdesigns.github.io/html/learn-counting-with-pictures-worksheet-pre-k-part-51-8003.html,https://mathworksheetkidscoloringdesigns.github.io/images/learn-counting-with-pictures-worksheet-pre-k-part-51-8003.jpg,Printable Worksheets,03/27/2026 08:22:00 AM
Printable Free 25 Division Math Worksheet For Grade 1 - Part 52 | Printable Practice,Help kids master Division with this printable worksheet for Grade 1. Great for daily math practice.,https://mathworksheetkidscoloringdesigns.github.io/html/printable-free-25-division-math-worksheet-for-grade-1-part-52-1769.html,https://mathworksheetkidscoloringdesigns.github.io/images/printable-free-25-division-math-worksheet-for-grade-1-part-52-1769.jpg,Math Practice Printables,03/27/2026 11:00:00 AM
8 General Math Quiz Test Worksheet,Teachers and parents love this Math worksheet for Math. Download and print instantly.,https://mathworksheetkidscoloringdesigns.github.io/html/8-general-math-quiz-test-worksheet-9251.html,https://mathworksheetkidscoloringdesigns.github.io/images/8-general-math-quiz-test-worksheet-9251.jpg,Math Practice Printables,03/27/2026 01:35:00 PM
Missing Number Math Worksheet,Printable Missing Number worksheet designed for Grade 1 students. Easy and fun math practice.,https://mathworksheetkidscoloringdesigns.github.io/html/missing-number-math-worksheet-5773.html,https://mathworksheetkidscoloringdesigns.github.io/images/missing-number-math-worksheet-5773.jpg,Kids Math Worksheets,03/27/2026 04:34:00 PM
Mixed Operations Math Worksheet,Fun and engaging Mixed Operations worksheet for Grade 3. Perfect printable math practice.,https://mathworksheetkidscoloringdesigns.github.io/html/mixed-operations-math-worksheet-4533.html,https://mathworksheetkidscoloringdesigns.github.io/images/mixed-operations-math-worksheet-4533.jpg,Printable Worksheets,03/27/2026 08:28:00 PM
Grade 2 Multiplication Practice Worksheet (25 Problems) - Part 56 | Printable Practice,Teachers and parents love this Multiplication worksheet for Grade 2. Download and print instantly.,https://mathworksheetkidscoloringdesigns.github.io/html/grade-2-multiplication-practice-worksheet-25-problems-part-56-3149.html,https://mathworksheetkidscoloringdesigns.github.io/images/grade-2-multiplication-practice-worksheet-25-problems-part-56-3149.jpg,Kids Math Worksheets,03/28/2026 08:24:00 AM
Grade 2 Subtraction Practice Worksheet (26 Problems) - Part 57 | Printable Practice,Free printable Subtraction worksheet for Grade 2. Perfect for homeschool practice and classroom activities.,https://mathworksheetkidscoloringdesigns.github.io/html/grade-2-subtraction-practice-worksheet-26-problems-part-57-4765.html,https://mathworksheetkidscoloringdesigns.github.io/images/grade-2-subtraction-practice-worksheet-26-problems-part-57-4765.jpg,Kids Math Worksheets,03/28/2026 11:08:00 AM
Printable 3 Times Table Worksheet For Grade 2 - Part 58 | Printable Practice,Help kids master Times Table with this printable worksheet for Grade 2. Great for daily math practice.,https://mathworksheetkidscoloringdesigns.github.io/html/printable-3-times-table-worksheet-for-grade-2-part-58-1380.html,https://mathworksheetkidscoloringdesigns.github.io/images/printable-3-times-table-worksheet-for-grade-2-part-58-1380.jpg,Printable Worksheets,03/28/2026 01:27:00 PM
Printable Tracing Worksheet For Kids - Part 59 | Free Printable,Printable Tracing worksheet designed for Preschool students. Easy and fun math practice.,https://mathworksheetkidscoloringdesigns.github.io/html/printable-tracing-worksheet-for-kids-part-59-5303.html,https://mathworksheetkidscoloringdesigns.github.io/images/printable-tracing-worksheet-for-kids-part-59-5303.jpg,Printable Worksheets,03/28/2026 04:31:00 PM
Math Word Problem Worksheet,Printable Word Problem worksheet designed for Grade 3 students. Easy and fun math practice.,https://mathworksheetkidscoloringdesigns.github.io/html/math-word-problem-worksheet-3669.html,https://mathworksheetkidscoloringdesigns.github.io/images/math-word-problem-worksheet-3669.jpg,Elementary Math Activities,03/28/2026 08:28:00 PM
Free 30 Addition Math Worksheet For Grade 3 - Part 61 | Printable Practice,Teachers and parents love this Addition worksheet for Grade 3. Download and print instantly.,https://mathworksheetkidscoloringdesigns.github.io/html/free-30-addition-math-worksheet-for-grade-3-part-61-1906.html,https://mathworksheetkidscoloringdesigns.github.io/images/free-30-addition-math-worksheet-for-grade-3-part-61-1906.jpg,Elementary Math Activities,03/29/2026 08:28:00 AM
4 Free Count and Color Worksheets for Preschool,Help kids master Count and Color with this printable worksheet for Preschool. Great for daily math practice.,https://mathworksheetkidscoloringdesigns.github.io/html/4-free-count-and-color-worksheets-for-preschool-5070.html,https://mathworksheetkidscoloringdesigns.github.io/images/4-free-count-and-color-worksheets-for-preschool-5070.jpg,Math Practice Printables,03/29/2026 11:00:00 AM
Pre-K Count The Objects Worksheet - Part 63 | Printable Practice,Fun and engaging Counting Objects worksheet for Pre-K. Perfect printable math practice.,https://mathworksheetkidscoloringdesigns.github.io/html/pre-k-count-the-objects-worksheet-part-63-7368.html,https://mathworksheetkidscoloringdesigns.github.io/images/pre-k-count-the-objects-worksheet-part-63-7368.jpg,Kids Math Worksheets,03/29/2026 01:28:00 PM
Printable Free 19 Division Math Worksheet For Grade 2 - Part 64 | Printable Practice,Free printable Division worksheet for Grade 2. Perfect for homeschool practice and classroom activities.,https://mathworksheetkidscoloringdesigns.github.io/html/printable-free-19-division-math-worksheet-for-grade-2-part-64-7666.html,https://mathworksheetkidscoloringdesigns.github.io/images/printable-free-19-division-math-worksheet-for-grade-2-part-64-7666.jpg,Elementary Math Activities,03/29/2026 04:33:00 PM
4 Mathematics Problem Set Printable Worksheet for Study,Printable Math worksheet designed for Math students. Easy and fun math practice.,https://mathworksheetkidscoloringdesigns.github.io/html/4-mathematics-problem-set-printable-worksheet-for-study-2549.html,https://mathworksheetkidscoloringdesigns.github.io/images/4-mathematics-problem-set-printable-worksheet-for-study-2549.jpg,Elementary Math Activities,03/29/2026 08:30:00 PM
Missing Number Math Worksheet,Free printable Missing Number worksheet for Grade 1. Perfect for homeschool practice and classroom activities.,https://mathworksheetkidscoloringdesigns.github.io/html/missing-number-math-worksheet-4238.html,https://mathworksheetkidscoloringdesigns.github.io/images/missing-number-math-worksheet-4238.jpg,Math Practice Printables,03/30/2026 08:28:00 AM
Mixed Operations Math Worksheet,Help kids master Mixed Operations with this printable worksheet for Grade 3. Great for daily math practice.,https://mathworksheetkidscoloringdesigns.github.io/html/mixed-operations-math-worksheet-9222.html,https://mathworksheetkidscoloringdesigns.github.io/images/mixed-operations-math-worksheet-9222.jpg,Math Practice Printables,03/30/2026 11:07:00 AM
Grade 2 Multiplication Practice Worksheet (13 Problems) - Part 68 | Printable Practice,Free printable Multiplication worksheet for Grade 2. Perfect for homeschool practice and classroom activities.,https://mathworksheetkidscoloringdesigns.github.io/html/grade-2-multiplication-practice-worksheet-13-problems-part-68-7569.html,https://mathworksheetkidscoloringdesigns.github.io/images/grade-2-multiplication-practice-worksheet-13-problems-part-68-7569.jpg,Homeschool Math,03/30/2026 01:33:00 PM
Free 20 Subtraction Math Worksheet For Grade 2 - Part 69 | Printable Practice,Printable Subtraction worksheet designed for Grade 2 students. Easy and fun math practice.,https://mathworksheetkidscoloringdesigns.github.io/html/free-20-subtraction-math-worksheet-for-grade-2-part-69-6666.html,https://mathworksheetkidscoloringdesigns.github.io/images/free-20-subtraction-math-worksheet-for-grade-2-part-69-6666.jpg,Math Practice Printables,03/30/2026 04:38:00 PM
Grade 2 Multiplication Table 3 Practice - Part 70 | Printable Practice,Free printable Times Table worksheet for Grade 2. Perfect for homeschool practice and classroom activities.,https://mathworksheetkidscoloringdesigns.github.io/html/grade-2-multiplication-table-3-practice-part-70-2516.html,https://mathworksheetkidscoloringdesigns.github.io/images/grade-2-multiplication-table-3-practice-part-70-2516.jpg,Homeschool Math,03/30/2026 08:31:00 PM
Printable Tracing Worksheet For Kids - Part 71 | Free Printable,Help kids master Tracing with this printable worksheet for Preschool. Great for daily math practice.,https://mathworksheetkidscoloringdesigns.github.io/html/printable-tracing-worksheet-for-kids-part-71-9261.html,https://mathworksheetkidscoloringdesigns.github.io/images/printable-tracing-worksheet-for-kids-part-71-9261.jpg,Homeschool Math,03/31/2026 08:25:00 AM
Math Word Problem Worksheet,Help kids master Word Problem with this printable worksheet for Grade 3. Great for daily math practice.,https://mathworksheetkidscoloringdesigns.github.io/html/math-word-problem-worksheet-9946.html,https://mathworksheetkidscoloringdesigns.github.io/images/math-word-problem-worksheet-9946.jpg,Printable Worksheets,03/31/2026 11:00:00 AM
Printable Free 17 Addition Math Worksheet For Grade 5 - Part 73 | Printable Practice,Free printable Addition worksheet for Grade 5. Perfect for homeschool practice and classroom activities.,https://mathworksheetkidscoloringdesigns.github.io/html/printable-free-17-addition-math-worksheet-for-grade-5-part-73-8240.html,https://mathworksheetkidscoloringdesigns.github.io/images/printable-free-17-addition-math-worksheet-for-grade-5-part-73-8240.jpg,Homeschool Math,03/31/2026 01:30:00 PM
Grade 1 Count and Color Shapes Worksheet,Fun and engaging Count and Color worksheet for Grade 1. Perfect printable math practice.,https://mathworksheetkidscoloringdesigns.github.io/html/grade-1-count-and-color-shapes-worksheet-9581.html,https://mathworksheetkidscoloringdesigns.github.io/images/grade-1-count-and-color-shapes-worksheet-9581.jpg,Elementary Math Activities,03/31/2026 04:29:00 PM
Learn Counting With Pictures Worksheet (Kindergarten) - Part 75 | Printable Practice,Free printable Counting Objects worksheet for Kindergarten. Perfect for homeschool practice and classroom activities.,https://mathworksheetkidscoloringdesigns.github.io/html/learn-counting-with-pictures-worksheet-kindergarten-part-75-7435.html,https://mathworksheetkidscoloringdesigns.github.io/images/learn-counting-with-pictures-worksheet-kindergarten-part-75-7435.jpg,Printable Worksheets,03/31/2026 08:36:00 PM
Grade 2 Division Practice Worksheet (16 Problems) - Part 76 | Printable Practice,Printable Division worksheet designed for Grade 2 students. Easy and fun math practice.,https://mathworksheetkidscoloringdesigns.github.io/html/grade-2-division-practice-worksheet-16-problems-part-76-4757.html,https://mathworksheetkidscoloringdesigns.github.io/images/grade-2-division-practice-worksheet-16-problems-part-76-4757.jpg,Elementary Math Activities,04/01/2026 08:36:00 AM
Advanced Mathematics Quiz Quiz Worksheet,Printable Math worksheet designed for Math students. Easy and fun math practice.,https://mathworksheetkidscoloringdesigns.github.io/html/advanced-mathematics-quiz-quiz-worksheet-1902.html,https://mathworksheetkidscoloringdesigns.github.io/images/advanced-mathematics-quiz-quiz-worksheet-1902.jpg,Kids Math Worksheets,04/01/2026 11:00:00 AM
Missing Number Math Worksheet,Teachers and parents love this Missing Number worksheet for Grade 1. Download and print instantly.,https://mathworksheetkidscoloringdesigns.github.io/html/missing-number-math-worksheet-3330.html,https://mathworksheetkidscoloringdesigns.github.io/images/missing-number-math-worksheet-3330.jpg,Math Practice Printables,04/01/2026 01:33:00 PM
Mixed Operations Math Worksheet,Fun and engaging Mixed Operations worksheet for Grade 3. Perfect printable math practice.,https://mathworksheetkidscoloringdesigns.github.io/html/mixed-operations-math-worksheet-8593.html,https://mathworksheetkidscoloringdesigns.github.io/images/mixed-operations-math-worksheet-8593.jpg,Math Practice Printables,04/01/2026 04:35:00 PM
Free 16 Multiplication Math Worksheet For Grade 2 - Part 80 | Printable Practice,Teachers and parents love this Multiplication worksheet for Grade 2. Download and print instantly.,https://mathworksheetkidscoloringdesigns.github.io/html/free-16-multiplication-math-worksheet-for-grade-2-part-80-2166.html,https://mathworksheetkidscoloringdesigns.github.io/images/free-16-multiplication-math-worksheet-for-grade-2-part-80-2166.jpg,Math Practice Printables,04/01/2026 08:29:00 PM
Free 10 Subtraction Math Worksheet For Grade 5 - Part 81 | Printable Practice,Printable Subtraction worksheet designed for Grade 5 students. Easy and fun math practice.,https://mathworksheetkidscoloringdesigns.github.io/html/free-10-subtraction-math-worksheet-for-grade-5-part-81-7596.html,https://mathworksheetkidscoloringdesigns.github.io/images/free-10-subtraction-math-worksheet-for-grade-5-part-81-7596.jpg,Printable Worksheets,04/02/2026 08:31:00 AM
Printable 10 Times Table Worksheet For Grade 3 - Part 82 | Printable Practice,Help kids master Times Table with this printable worksheet for Grade 3. Great for daily math practice.,https://mathworksheetkidscoloringdesigns.github.io/html/printable-10-times-table-worksheet-for-grade-3-part-82-4929.html,https://mathworksheetkidscoloringdesigns.github.io/images/printable-10-times-table-worksheet-for-grade-3-part-82-4929.jpg,Homeschool Math,04/02/2026 11:00:00 AM
Printable Tracing Worksheet For Kids - Part 83 | Free Printable,Free printable Tracing worksheet for Preschool. Perfect for homeschool practice and classroom activities.,https://mathworksheetkidscoloringdesigns.github.io/html/printable-tracing-worksheet-for-kids-part-83-5764.html,https://mathworksheetkidscoloringdesigns.github.io/images/printable-tracing-worksheet-for-kids-part-83-5764.jpg,Math Practice Printables,04/02/2026 01:34:00 PM
Math Word Problem Worksheet,Help kids master Word Problem with this printable worksheet for Grade 3. Great for daily math practice.,https://mathworksheetkidscoloringdesigns.github.io/html/math-word-problem-worksheet-6105.html,https://mathworksheetkidscoloringdesigns.github.io/images/math-word-problem-worksheet-6105.jpg,Elementary Math Activities,04/02/2026 04:23:00 PM
Grade 1 Addition Practice Worksheet (12 Problems) - Part 85 | Printable Practice,Free printable Addition worksheet for Grade 1. Perfect for homeschool practice and classroom activities.,https://mathworksheetkidscoloringdesigns.github.io/html/grade-1-addition-practice-worksheet-12-problems-part-85-1956.html,https://mathworksheetkidscoloringdesigns.github.io/images/grade-1-addition-practice-worksheet-12-problems-part-85-1956.jpg,Elementary Math Activities,04/02/2026 08:33:00 PM
Fun Count and Color Objects Worksheet for Grade 1,Help kids master Count and Color with this printable worksheet for Grade 1. Great for daily math practice.,https://mathworksheetkidscoloringdesigns.github.io/html/fun-count-and-color-objects-worksheet-for-grade-1-3818.html,https://mathworksheetkidscoloringdesigns.github.io/images/fun-count-and-color-objects-worksheet-for-grade-1-3818.jpg,Kids Math Worksheets,04/03/2026 08:38:00 AM
Free Counting Objects Worksheet For Kindergarten - Part 87 | Printable Practice,Teachers and parents love this Counting Objects worksheet for Kindergarten. Download and print instantly.,https://mathworksheetkidscoloringdesigns.github.io/html/free-counting-objects-worksheet-for-kindergarten-part-87-4711.html,https://mathworksheetkidscoloringdesigns.github.io/images/free-counting-objects-worksheet-for-kindergarten-part-87-4711.jpg,Elementary Math Activities,04/03/2026 11:08:00 AM
Free 21 Division Math Worksheet For Grade 2 With Answers - Part 88 | Printable Practice,Fun and engaging Division worksheet for Grade 2. Perfect printable math practice.,https://mathworksheetkidscoloringdesigns.github.io/html/free-21-division-math-worksheet-for-grade-2-with-answers-part-88-6212.html,https://mathworksheetkidscoloringdesigns.github.io/images/free-21-division-math-worksheet-for-grade-2-with-answers-part-88-6212.jpg,Printable Worksheets,04/03/2026 01:28:00 PM
Ultimate Math Quiz Worksheet (4 Questions),Printable Math worksheet designed for Math students. Easy and fun math practice.,https://mathworksheetkidscoloringdesigns.github.io/html/ultimate-math-quiz-worksheet-4-questions-8755.html,https://mathworksheetkidscoloringdesigns.github.io/images/ultimate-math-quiz-worksheet-4-questions-8755.jpg,Math Practice Printables,04/03/2026 04:31:00 PM
Missing Number Math Worksheet,Help kids master Missing Number with this printable worksheet for Grade 1. Great for daily math practice.,https://mathworksheetkidscoloringdesigns.github.io/html/missing-number-math-worksheet-2677.html,https://mathworksheetkidscoloringdesigns.github.io/images/missing-number-math-worksheet-2677.jpg,Math Practice Printables,04/03/2026 08:24:00 PM
Mixed Operations Math Worksheet,Free printable Mixed Operations worksheet for Grade 3. Perfect for homeschool practice and classroom activities.,https://mathworksheetkidscoloringdesigns.github.io/html/mixed-operations-math-worksheet-8928.html,https://mathworksheetkidscoloringdesigns.github.io/images/mixed-operations-math-worksheet-8928.jpg,Homeschool Math,04/04/2026 08:37:00 AM
Grade 2 Multiplication Practice Worksheet (25 Problems) - Part 92 | Printable Practice,Free printable Multiplication worksheet for Grade 2. Perfect for homeschool practice and classroom activities.,https://mathworksheetkidscoloringdesigns.github.io/html/grade-2-multiplication-practice-worksheet-25-problems-part-92-4548.html,https://mathworksheetkidscoloringdesigns.github.io/images/grade-2-multiplication-practice-worksheet-25-problems-part-92-4548.jpg,Kids Math Worksheets,04/04/2026 11:07:00 AM
Printable Free 18 Subtraction Math Worksheet For Grade 3 - Part 93 | Printable Practice,Fun and engaging Subtraction worksheet for Grade 3. Perfect printable math practice.,https://mathworksheetkidscoloringdesigns.github.io/html/printable-free-18-subtraction-math-worksheet-for-grade-3-part-93-5068.html,https://mathworksheetkidscoloringdesigns.github.io/images/printable-free-18-subtraction-math-worksheet-for-grade-3-part-93-5068.jpg,Printable Worksheets,04/04/2026 01:23:00 PM
Printable 3 Times Table Worksheet For Grade 2 - Part 94 | Printable Practice,Help kids master Times Table with this printable worksheet for Grade 2. Great for daily math practice.,https://mathworksheetkidscoloringdesigns.github.io/html/printable-3-times-table-worksheet-for-grade-2-part-94-6201.html,https://mathworksheetkidscoloringdesigns.github.io/images/printable-3-times-table-worksheet-for-grade-2-part-94-6201.jpg,Kids Math Worksheets,04/04/2026 04:29:00 PM
Printable Tracing Worksheet For Kids - Part 95 | Free Printable,Free printable Tracing worksheet for Kindergarten. Perfect for homeschool practice and classroom activities.,https://mathworksheetkidscoloringdesigns.github.io/html/printable-tracing-worksheet-for-kids-part-95-5480.html,https://mathworksheetkidscoloringdesigns.github.io/images/printable-tracing-worksheet-for-kids-part-95-5480.jpg,Elementary Math Activities,04/04/2026 08:26:00 PM
Math Word Problem Worksheet,Help kids master Word Problem with this printable worksheet for Grade 3. Great for daily math practice.,https://mathworksheetkidscoloringdesigns.github.io/html/math-word-problem-worksheet-2507.html,https://mathworksheetkidscoloringdesigns.github.io/images/math-word-problem-worksheet-2507.jpg,Printable Worksheets,04/05/2026 08:23:00 AM
Free 21 Addition Math Worksheet For Grade 3 With Answers - Part 97 | Printable Practice,Fun and engaging Addition worksheet for Grade 3. Perfect printable math practice.,https://mathworksheetkidscoloringdesigns.github.io/html/free-21-addition-math-worksheet-for-grade-3-with-answers-part-97-1523.html,https://mathworksheetkidscoloringdesigns.github.io/images/free-21-addition-math-worksheet-for-grade-3-with-answers-part-97-1523.jpg,Printable Worksheets,04/05/2026 11:02:00 AM
Grade 1 Count and Color Shapes Worksheet,Teachers and parents love this Count and Color worksheet for Grade 1. Download and print instantly.,https://mathworksheetkidscoloringdesigns.github.io/html/grade-1-count-and-color-shapes-worksheet-4967.html,https://mathworksheetkidscoloringdesigns.github.io/images/grade-1-count-and-color-shapes-worksheet-4967.jpg,Printable Worksheets,04/05/2026 01:26:00 PM
Learn Counting With Pictures Worksheet (Kindergarten) - Part 99 | Printable Practice,Free printable Counting Objects worksheet for Kindergarten. Perfect for homeschool practice and classroom activities.,https://mathworksheetkidscoloringdesigns.github.io/html/learn-counting-with-pictures-worksheet-kindergarten-part-99-2819.html,https://mathworksheetkidscoloringdesigns.github.io/images/learn-counting-with-pictures-worksheet-kindergarten-part-99-2819.jpg,Kids Math Worksheets,04/05/2026 04:22:00 PM
Free 18 Division Math Worksheet For Grade 1 - Part 100 | Printable Practice,Free printable Division worksheet for Grade 1. Perfect for homeschool practice and classroom activities.,https://mathworksheetkidscoloringdesigns.github.io/html/free-18-division-math-worksheet-for-grade-1-part-100-8011.html,https://mathworksheetkidscoloringdesigns.github.io/images/free-18-division-math-worksheet-for-grade-1-part-100-8011.jpg,Elementary Math Activities,04/05/2026 08:28:00 PM
7 Mathematics Problem Set Practice Worksheet,Fun and engaging Math worksheet for Math. Perfect printable math practice.,https://mathworksheetkidscoloringdesigns.github.io/html/7-mathematics-problem-set-practice-worksheet-3045.html,https://mathworksheetkidscoloringdesigns.github.io/images/7-mathematics-problem-set-practice-worksheet-3045.jpg,Kids Math Worksheets,04/06/2026 08:33:00 AM
Missing Number Math Worksheet,Free printable Missing Number worksheet for Grade 1. Perfect for homeschool practice and classroom activities.,https://mathworksheetkidscoloringdesigns.github.io/html/missing-number-math-worksheet-3156.html,https://mathworksheetkidscoloringdesigns.github.io/images/missing-number-math-worksheet-3156.jpg,Printable Worksheets,04/06/2026 11:03:00 AM
Mixed Operations Math Worksheet,Fun and engaging Mixed Operations worksheet for Grade 3. Perfect printable math practice.,https://mathworksheetkidscoloringdesigns.github.io/html/mixed-operations-math-worksheet-6958.html,https://mathworksheetkidscoloringdesigns.github.io/images/mixed-operations-math-worksheet-6958.jpg,Homeschool Math,04/06/2026 01:26:00 PM
Free 13 Multiplication Math Worksheet For Grade 1 - Part 104 | Printable Practice,Fun and engaging Multiplication worksheet for Grade 1. Perfect printable math practice.,https://mathworksheetkidscoloringdesigns.github.io/html/free-13-multiplication-math-worksheet-for-grade-1-part-104-3581.html,https://mathworksheetkidscoloringdesigns.github.io/images/free-13-multiplication-math-worksheet-for-grade-1-part-104-3581.jpg,Printable Worksheets,04/06/2026 04:28:00 PM
Free 28 Subtraction Math Worksheet For Grade 5 With Answers - Part 105 | Printable Practice,Help kids master Subtraction with this printable worksheet for Grade 5. Great for daily math practice.,https://mathworksheetkidscoloringdesigns.github.io/html/free-28-subtraction-math-worksheet-for-grade-5-with-answers-part-105-6514.html,https://mathworksheetkidscoloringdesigns.github.io/images/free-28-subtraction-math-worksheet-for-grade-5-with-answers-part-105-6514.jpg,Elementary Math Activities,04/06/2026 08:36:00 PM
Printable 9 Times Table Worksheet For Grade 3 - Part 106 | Printable Practice,Free printable Times Table worksheet for Grade 3. Perfect for homeschool practice and classroom activities.,https://mathworksheetkidscoloringdesigns.github.io/html/printable-9-times-table-worksheet-for-grade-3-part-106-7758.html,https://mathworksheetkidscoloringdesigns.github.io/images/printable-9-times-table-worksheet-for-grade-3-part-106-7758.jpg,Elementary Math Activities,04/07/2026 08:29:00 AM
Printable Tracing Worksheet For Kids - Part 107 | Free Printable,Printable Tracing worksheet designed for Preschool students. Easy and fun math practice.,https://mathworksheetkidscoloringdesigns.github.io/html/printable-tracing-worksheet-for-kids-part-107-7819.html,https://mathworksheetkidscoloringdesigns.github.io/images/printable-tracing-worksheet-for-kids-part-107-7819.jpg,Elementary Math Activities,04/07/2026 11:00:00 AM
Math Word Problem Worksheet,Help kids master Word Problem with this printable worksheet for Grade 3. Great for daily math practice.,https://mathworksheetkidscoloringdesigns.github.io/html/math-word-problem-worksheet-2031.html,https://mathworksheetkidscoloringdesigns.github.io/images/math-word-problem-worksheet-2031.jpg,Elementary Math Activities,04/07/2026 01:25:00 PM
Grade 3 Addition Practice Worksheet (29 Problems) - Part 109 | Printable Practice,Teachers and parents love this Addition worksheet for Grade 3. Download and print instantly.,https://mathworksheetkidscoloringdesigns.github.io/html/grade-3-addition-practice-worksheet-29-problems-part-109-5788.html,https://mathworksheetkidscoloringdesigns.github.io/images/grade-3-addition-practice-worksheet-29-problems-part-109-5788.jpg,Printable Worksheets,04/07/2026 04:26:00 PM
Kindergarten Count and Color Shapes Worksheet,Teachers and parents love this Count and Color worksheet for Kindergarten. Download and print instantly.,https://mathworksheetkidscoloringdesigns.github.io/html/kindergarten-count-and-color-shapes-worksheet-4667.html,https://mathworksheetkidscoloringdesigns.github.io/images/kindergarten-count-and-color-shapes-worksheet-4667.jpg,Kids Math Worksheets,04/07/2026 08:25:00 PM
Free Counting Objects Worksheet For Kindergarten Printable - Part 111 | Printable Practice,Teachers and parents love this Counting Objects worksheet for Kindergarten. Download and print instantly.,https://mathworksheetkidscoloringdesigns.github.io/html/free-counting-objects-worksheet-for-kindergarten-printable-part-111-1814.html,https://mathworksheetkidscoloringdesigns.github.io/images/free-counting-objects-worksheet-for-kindergarten-printable-part-111-1814.jpg,Math Practice Printables,04/08/2026 08:29:00 AM
Grade 2 Division Practice Worksheet (17 Problems) - Part 112 | Printable Practice,Free printable Division worksheet for Grade 2. Perfect for homeschool practice and classroom activities.,https://mathworksheetkidscoloringdesigns.github.io/html/grade-2-division-practice-worksheet-17-problems-part-112-1490.html,https://mathworksheetkidscoloringdesigns.github.io/images/grade-2-division-practice-worksheet-17-problems-part-112-1490.jpg,Math Practice Printables,04/08/2026 11:03:00 AM
Practice Mathematics Practice Worksheet (4 Questions),Free printable Math worksheet for Math. Perfect for homeschool practice and classroom activities.,https://mathworksheetkidscoloringdesigns.github.io/html/practice-mathematics-practice-worksheet-4-questions-1845.html,https://mathworksheetkidscoloringdesigns.github.io/images/practice-mathematics-practice-worksheet-4-questions-1845.jpg,Elementary Math Activities,04/08/2026 01:24:00 PM
Missing Number Math Worksheet,Free printable Missing Number worksheet for Grade 1. Perfect for homeschool practice and classroom activities.,https://mathworksheetkidscoloringdesigns.github.io/html/missing-number-math-worksheet-3152.html,https://mathworksheetkidscoloringdesigns.github.io/images/missing-number-math-worksheet-3152.jpg,Elementary Math Activities,04/08/2026 04:35:00 PM
Mixed Operations Math Worksheet,Free printable Mixed Operations worksheet for Grade 3. Perfect for homeschool practice and classroom activities.,https://mathworksheetkidscoloringdesigns.github.io/html/mixed-operations-math-worksheet-9374.html,https://mathworksheetkidscoloringdesigns.github.io/images/mixed-operations-math-worksheet-9374.jpg,Math Practice Printables,04/08/2026 08:23:00 PM
Printable Free 29 Multiplication Math Worksheet For Grade 1 - Part 116 | Printable Practice,Fun and engaging Multiplication worksheet for Grade 1. Perfect printable math practice.,https://mathworksheetkidscoloringdesigns.github.io/html/printable-free-29-multiplication-math-worksheet-for-grade-1-part-116-3427.html,https://mathworksheetkidscoloringdesigns.github.io/images/printable-free-29-multiplication-math-worksheet-for-grade-1-part-116-3427.jpg,Kids Math Worksheets,04/09/2026 08:24:00 AM
Printable Free 16 Subtraction Math Worksheet For Grade 5 - Part 117 | Printable Practice,Free printable Subtraction worksheet for Grade 5. Perfect for homeschool practice and classroom activities.,https://mathworksheetkidscoloringdesigns.github.io/html/printable-free-16-subtraction-math-worksheet-for-grade-5-part-117-1075.html,https://mathworksheetkidscoloringdesigns.github.io/images/printable-free-16-subtraction-math-worksheet-for-grade-5-part-117-1075.jpg,Printable Worksheets,04/09/2026 11:00:00 AM
Printable 2 Times Table Worksheet For Grade 2 - Part 118 | Printable Practice,Fun and engaging Times Table worksheet for Grade 2. Perfect printable math practice.,https://mathworksheetkidscoloringdesigns.github.io/html/printable-2-times-table-worksheet-for-grade-2-part-118-2714.html,https://mathworksheetkidscoloringdesigns.github.io/images/printable-2-times-table-worksheet-for-grade-2-part-118-2714.jpg,Homeschool Math,04/09/2026 01:37:00 PM
Printable Tracing Worksheet For Kids - Part 119 | Free Printable,Printable Tracing worksheet designed for Preschool students. Easy and fun math practice.,https://mathworksheetkidscoloringdesigns.github.io/html/printable-tracing-worksheet-for-kids-part-119-3411.html,https://mathworksheetkidscoloringdesigns.github.io/images/printable-tracing-worksheet-for-kids-part-119-3411.jpg,Kids Math Worksheets,04/09/2026 04:28:00 PM
Math Word Problem Worksheet,Help kids master Word Problem with this printable worksheet for Grade 3. Great for daily math practice.,https://mathworksheetkidscoloringdesigns.github.io/html/math-word-problem-worksheet-6095.html,https://mathworksheetkidscoloringdesigns.github.io/images/math-word-problem-worksheet-6095.jpg,Homeschool Math,04/09/2026 08:28:00 PM
Printable Free 13 Addition Math Worksheet For Grade 5 - Part 121 | Printable Practice,Help kids master Addition with this printable worksheet for Grade 5. Great for daily math practice.,https://mathworksheetkidscoloringdesigns.github.io/html/printable-free-13-addition-math-worksheet-for-grade-5-part-121-5723.html,https://mathworksheetkidscoloringdesigns.github.io/images/printable-free-13-addition-math-worksheet-for-grade-5-part-121-5723.jpg,Homeschool Math,04/10/2026 08:24:00 AM
"Count and Color Square, Triangle, Flower Worksheet for Kids",Teachers and parents love this Count and Color worksheet for Preschool. Download and print instantly.,https://mathworksheetkidscoloringdesigns.github.io/html/count-and-color-square-triangle-flower-worksheet-for-kids-5594.html,https://mathworksheetkidscoloringdesigns.github.io/images/count-and-color-square-triangle-flower-worksheet-for-kids-5594.jpg,Homeschool Math,04/10/2026 11:00:00 AM
Free Counting Objects Worksheet For Kindergarten Printable - Part 123 | Printable Practice,Help kids master Counting Objects with this printable worksheet for Kindergarten. Great for daily math practice.,https://mathworksheetkidscoloringdesigns.github.io/html/free-counting-objects-worksheet-for-kindergarten-printable-part-123-9444.html,https://mathworksheetkidscoloringdesigns.github.io/images/free-counting-objects-worksheet-for-kindergarten-printable-part-123-9444.jpg,Kids Math Worksheets,04/10/2026 01:34:00 PM
Grade 2 Division Practice Worksheet (18 Problems) - Part 124 | Printable Practice,Help kids master Division with this printable worksheet for Grade 2. Great for daily math practice.,https://mathworksheetkidscoloringdesigns.github.io/html/grade-2-division-practice-worksheet-18-problems-part-124-4317.html,https://mathworksheetkidscoloringdesigns.github.io/images/grade-2-division-practice-worksheet-18-problems-part-124-4317.jpg,Homeschool Math,04/10/2026 04:26:00 PM
4 Math Knowledge Test Practice Worksheet for Teens,Help kids master Math with this printable worksheet for Math. Great for daily math practice.,https://mathworksheetkidscoloringdesigns.github.io/html/4-math-knowledge-test-practice-worksheet-for-teens-7699.html,https://mathworksheetkidscoloringdesigns.github.io/images/4-math-knowledge-test-practice-worksheet-for-teens-7699.jpg,Homeschool Math,04/10/2026 08:35:00 PM
Missing Number Math Worksheet,Printable Missing Number worksheet designed for Grade 1 students. Easy and fun math practice.,https://mathworksheetkidscoloringdesigns.github.io/html/missing-number-math-worksheet-3702.html,https://mathworksheetkidscoloringdesigns.github.io/images/missing-number-math-worksheet-3702.jpg,Printable Worksheets,04/11/2026 08:34:00 AM
Mixed Operations Math Worksheet,Printable Mixed Operations worksheet designed for Grade 3 students. Easy and fun math practice.,https://mathworksheetkidscoloringdesigns.github.io/html/mixed-operations-math-worksheet-4862.html,https://mathworksheetkidscoloringdesigns.github.io/images/mixed-operations-math-worksheet-4862.jpg,Kids Math Worksheets,04/11/2026 11:05:00 AM
Free 18 Multiplication Math Worksheet For Grade 1 - Part 128 | Printable Practice,Printable Multiplication worksheet designed for Grade 1 students. Easy and fun math practice.,https://mathworksheetkidscoloringdesigns.github.io/html/free-18-multiplication-math-worksheet-for-grade-1-part-128-4272.html,https://mathworksheetkidscoloringdesigns.github.io/images/free-18-multiplication-math-worksheet-for-grade-1-part-128-4272.jpg,Kids Math Worksheets,04/11/2026 01:33:00 PM
Printable Free 24 Subtraction Math Worksheet For Grade 5 - Part 129 | Printable Practice,Teachers and parents love this Subtraction worksheet for Grade 5. Download and print instantly.,https://mathworksheetkidscoloringdesigns.github.io/html/printable-free-24-subtraction-math-worksheet-for-grade-5-part-129-5389.html,https://mathworksheetkidscoloringdesigns.github.io/images/printable-free-24-subtraction-math-worksheet-for-grade-5-part-129-5389.jpg,Kids Math Worksheets,04/11/2026 04:23:00 PM
5 Times Table Worksheet For Grade 2 With Answers - Part 130 | Printable Practice,Teachers and parents love this Times Table worksheet for Grade 2. Download and print instantly.,https://mathworksheetkidscoloringdesigns.github.io/html/5-times-table-worksheet-for-grade-2-with-answers-part-130-5277.html,https://mathworksheetkidscoloringdesigns.github.io/images/5-times-table-worksheet-for-grade-2-with-answers-part-130-5277.jpg,Kids Math Worksheets,04/11/2026 08:37:00 PM
Printable Tracing Worksheet For Kids - Part 131 | Free Printable,Fun and engaging Tracing worksheet for Kindergarten. Perfect printable math practice.,https://mathworksheetkidscoloringdesigns.github.io/html/printable-tracing-worksheet-for-kids-part-131-3594.html,https://mathworksheetkidscoloringdesigns.github.io/images/printable-tracing-worksheet-for-kids-part-131-3594.jpg,Elementary Math Activities,04/12/2026 08:35:00 AM
Math Word Problem Worksheet,Fun and engaging Word Problem worksheet for Grade 3. Perfect printable math practice.,https://mathworksheetkidscoloringdesigns.github.io/html/math-word-problem-worksheet-1271.html,https://mathworksheetkidscoloringdesigns.github.io/images/math-word-problem-worksheet-1271.jpg,Printable Worksheets,04/12/2026 11:00:00 AM
Grade 1 Addition Practice Worksheet (17 Problems) - Part 133 | Printable Practice,Help kids master Addition with this printable worksheet for Grade 1. Great for daily math practice.,https://mathworksheetkidscoloringdesigns.github.io/html/grade-1-addition-practice-worksheet-17-problems-part-133-5965.html,https://mathworksheetkidscoloringdesigns.github.io/images/grade-1-addition-practice-worksheet-17-problems-part-133-5965.jpg,Elementary Math Activities,04/12/2026 01:28:00 PM
"Count and Color Star, Flower, Triangle Worksheet for Kids",Fun and engaging Count and Color worksheet for Preschool. Perfect printable math practice.,https://mathworksheetkidscoloringdesigns.github.io/html/count-and-color-star-flower-triangle-worksheet-for-kids-7397.html,https://mathworksheetkidscoloringdesigns.github.io/images/count-and-color-star-flower-triangle-worksheet-for-kids-7397.jpg,Homeschool Math,04/12/2026 04:31:00 PM
Kindergarten Count The Objects Worksheet - Part 135 | Printable Practice,Teachers and parents love this Counting Objects worksheet for Kindergarten. Download and print instantly.,https://mathworksheetkidscoloringdesigns.github.io/html/kindergarten-count-the-objects-worksheet-part-135-5494.html,https://mathworksheetkidscoloringdesigns.github.io/images/kindergarten-count-the-objects-worksheet-part-135-5494.jpg,Homeschool Math,04/12/2026 08:34:00 PM
Free 13 Division Math Worksheet For Grade 1 With Answers - Part 136 | Printable Practice,Fun and engaging Division worksheet for Grade 1. Perfect printable math practice.,https://mathworksheetkidscoloringdesigns.github.io/html/free-13-division-math-worksheet-for-grade-1-with-answers-part-136-2202.html,https://mathworksheetkidscoloringdesigns.github.io/images/free-13-division-math-worksheet-for-grade-1-with-answers-part-136-2202.jpg,Math Practice Printables,04/13/2026 08:22:00 AM
Daily Mathematics Problem Set Printable Worksheet for Math Learners,Teachers and parents love this Math worksheet for Math. Download and print instantly.,https://mathworksheetkidscoloringdesigns.github.io/html/daily-mathematics-problem-set-printable-worksheet-for-math-learners-9339.html,https://mathworksheetkidscoloringdesigns.github.io/images/daily-mathematics-problem-set-printable-worksheet-for-math-learners-9339.jpg,Math Practice Printables,04/13/2026 11:07:00 AM
Missing Number Math Worksheet,Free printable Missing Number worksheet for Grade 1. Perfect for homeschool practice and classroom activities.,https://mathworksheetkidscoloringdesigns.github.io/html/missing-number-math-worksheet-6113.html,https://mathworksheetkidscoloringdesigns.github.io/images/missing-number-math-worksheet-6113.jpg,Math Practice Printables,04/13/2026 01:26:00 PM
Mixed Operations Math Worksheet,Fun and engaging Mixed Operations worksheet for Grade 3. Perfect printable math practice.,https://mathworksheetkidscoloringdesigns.github.io/html/mixed-operations-math-worksheet-5105.html,https://mathworksheetkidscoloringdesigns.github.io/images/mixed-operations-math-worksheet-5105.jpg,Homeschool Math,04/13/2026 04:23:00 PM
Printable Free 20 Multiplication Math Worksheet For Grade 1 - Part 140 | Printable Practice,Free printable Multiplication worksheet for Grade 1. Perfect for homeschool practice and classroom activities.,https://mathworksheetkidscoloringdesigns.github.io/html/printable-free-20-multiplication-math-worksheet-for-grade-1-part-140-8986.html,https://mathworksheetkidscoloringdesigns.github.io/images/printable-free-20-multiplication-math-worksheet-for-grade-1-part-140-8986.jpg,Homeschool Math,04/13/2026 08:22:00 PM
Printable Free 20 Subtraction Math Worksheet For Grade 2 - Part 141 | Printable Practice,Teachers and parents love this Subtraction worksheet for Grade 2. Download and print instantly.,https://mathworksheetkidscoloringdesigns.github.io/html/printable-free-20-subtraction-math-worksheet-for-grade-2-part-141-8169.html,https://mathworksheetkidscoloringdesigns.github.io/images/printable-free-20-subtraction-math-worksheet-for-grade-2-part-141-8169.jpg,Elementary Math Activities,04/14/2026 08:31:00 AM
Printable 5 Times Table Worksheet For Grade 2 - Part 142 | Printable Practice,Printable Times Table worksheet designed for Grade 2 students. Easy and fun math practice.,https://mathworksheetkidscoloringdesigns.github.io/html/printable-5-times-table-worksheet-for-grade-2-part-142-4821.html,https://mathworksheetkidscoloringdesigns.github.io/images/printable-5-times-table-worksheet-for-grade-2-part-142-4821.jpg,Homeschool Math,04/14/2026 11:00:00 AM
Printable Tracing Worksheet For Kids - Part 143 | Free Printable,Free printable Tracing worksheet for Kindergarten. Perfect for homeschool practice and classroom activities.,https://mathworksheetkidscoloringdesigns.github.io/html/printable-tracing-worksheet-for-kids-part-143-5198.html,https://mathworksheetkidscoloringdesigns.github.io/images/printable-tracing-worksheet-for-kids-part-143-5198.jpg,Homeschool Math,04/14/2026 01:30:00 PM
Math Word Problem Worksheet,Fun and engaging Word Problem worksheet for Grade 3. Perfect printable math practice.,https://mathworksheetkidscoloringdesigns.github.io/html/math-word-problem-worksheet-2937.html,https://mathworksheetkidscoloringdesigns.github.io/images/math-word-problem-worksheet-2937.jpg,Printable Worksheets,04/14/2026 04:32:00 PM
Grade 5 Addition Practice Worksheet (21 Problems) - Part 145 | Printable Practice,Free printable Addition worksheet for Grade 5. Perfect for homeschool practice and classroom activities.,https://mathworksheetkidscoloringdesigns.github.io/html/grade-5-addition-practice-worksheet-21-problems-part-145-4232.html,https://mathworksheetkidscoloringdesigns.github.io/images/grade-5-addition-practice-worksheet-21-problems-part-145-4232.jpg,Printable Worksheets,04/14/2026 08:23:00 PM
"Count and Color Car, Star, Circle Worksheet for Kids",Teachers and parents love this Count and Color worksheet for Kindergarten. Download and print instantly.,https://mathworksheetkidscoloringdesigns.github.io/html/count-and-color-car-star-circle-worksheet-for-kids-7669.html,https://mathworksheetkidscoloringdesigns.github.io/images/count-and-color-car-star-circle-worksheet-for-kids-7669.jpg,Elementary Math Activities,04/15/2026 08:24:00 AM
Learn Counting With Pictures Worksheet (Pre-K) - Part 147 | Printable Practice,Free printable Counting Objects worksheet for Pre-K. Perfect for homeschool practice and classroom activities.,https://mathworksheetkidscoloringdesigns.github.io/html/learn-counting-with-pictures-worksheet-pre-k-part-147-7746.html,https://mathworksheetkidscoloringdesigns.github.io/images/learn-counting-with-pictures-worksheet-pre-k-part-147-7746.jpg,Kids Math Worksheets,04/15/2026 11:00:00 AM
Printable Free 26 Division Math Worksheet For Grade 2 - Part 148 | Printable Practice,Teachers and parents love this Division worksheet for Grade 2. Download and print instantly.,https://mathworksheetkidscoloringdesigns.github.io/html/printable-free-26-division-math-worksheet-for-grade-2-part-148-3566.html,https://mathworksheetkidscoloringdesigns.github.io/images/printable-free-26-division-math-worksheet-for-grade-2-part-148-3566.jpg,Homeschool Math,04/15/2026 01:29:00 PM
Printable Math Skill Test Test Worksheet for Teens,Printable Math worksheet designed for Math students. Easy and fun math practice.,https://mathworksheetkidscoloringdesigns.github.io/html/printable-math-skill-test-test-worksheet-for-teens-7172.html,https://mathworksheetkidscoloringdesigns.github.io/images/printable-math-skill-test-test-worksheet-for-teens-7172.jpg,Printable Worksheets,04/15/2026 04:34:00 PM
Missing Number Math Worksheet,Free printable Missing Number worksheet for Grade 1. Perfect for homeschool practice and classroom activities.,https://mathworksheetkidscoloringdesigns.github.io/html/missing-number-math-worksheet-4718.html,https://mathworksheetkidscoloringdesigns.github.io/images/missing-number-math-worksheet-4718.jpg,Math Practice Printables,04/15/2026 08:38:00 PM
Mixed Operations Math Worksheet,Printable Mixed Operations worksheet designed for Grade 3 students. Easy and fun math practice.,https://mathworksheetkidscoloringdesigns.github.io/html/mixed-operations-math-worksheet-2133.html,https://mathworksheetkidscoloringdesigns.github.io/images/mixed-operations-math-worksheet-2133.jpg,Kids Math Worksheets,04/16/2026 08:32:00 AM
Grade 2 Multiplication Practice Worksheet (17 Problems) - Part 152 | Printable Practice,Teachers and parents love this Multiplication worksheet for Grade 2. Download and print instantly.,https://mathworksheetkidscoloringdesigns.github.io/html/grade-2-multiplication-practice-worksheet-17-problems-part-152-9723.html,https://mathworksheetkidscoloringdesigns.github.io/images/grade-2-multiplication-practice-worksheet-17-problems-part-152-9723.jpg,Homeschool Math,04/16/2026 11:01:00 AM
Grade 5 Subtraction Practice Worksheet (25 Problems) - Part 153 | Printable Practice,Fun and engaging Subtraction worksheet for Grade 5. Perfect printable math practice.,https://mathworksheetkidscoloringdesigns.github.io/html/grade-5-subtraction-practice-worksheet-25-problems-part-153-7754.html,https://mathworksheetkidscoloringdesigns.github.io/images/grade-5-subtraction-practice-worksheet-25-problems-part-153-7754.jpg,Math Practice Printables,04/16/2026 01:31:00 PM
Printable 12 Times Table Worksheet For Grade 4 - Part 154 | Printable Practice,Printable Times Table worksheet designed for Grade 4 students. Easy and fun math practice.,https://mathworksheetkidscoloringdesigns.github.io/html/printable-12-times-table-worksheet-for-grade-4-part-154-1778.html,https://mathworksheetkidscoloringdesigns.github.io/images/printable-12-times-table-worksheet-for-grade-4-part-154-1778.jpg,Elementary Math Activities,04/16/2026 04:37:00 PM
Printable Tracing Worksheet For Kids - Part 155 | Free Printable,Free printable Tracing worksheet for Preschool. Perfect for homeschool practice and classroom activities.,https://mathworksheetkidscoloringdesigns.github.io/html/printable-tracing-worksheet-for-kids-part-155-9885.html,https://mathworksheetkidscoloringdesigns.github.io/images/printable-tracing-worksheet-for-kids-part-155-9885.jpg,Kids Math Worksheets,04/16/2026 08:26:00 PM
Math Word Problem Worksheet,Printable Word Problem worksheet designed for Grade 3 students. Easy and fun math practice.,https://mathworksheetkidscoloringdesigns.github.io/html/math-word-problem-worksheet-6599.html,https://mathworksheetkidscoloringdesigns.github.io/images/math-word-problem-worksheet-6599.jpg,Kids Math Worksheets,04/17/2026 08:26:00 AM
Free 20 Addition Math Worksheet For Grade 3 With Answers - Part 157 | Printable Practice,Help kids master Addition with this printable worksheet for Grade 3. Great for daily math practice.,https://mathworksheetkidscoloringdesigns.github.io/html/free-20-addition-math-worksheet-for-grade-3-with-answers-part-157-2137.html,https://mathworksheetkidscoloringdesigns.github.io/images/free-20-addition-math-worksheet-for-grade-3-with-answers-part-157-2137.jpg,Printable Worksheets,04/17/2026 11:05:00 AM
Free Kindergarten Count and Color Worksheet,Printable Count and Color worksheet designed for Kindergarten students. Easy and fun math practice.,https://mathworksheetkidscoloringdesigns.github.io/html/free-kindergarten-count-and-color-worksheet-5075.html,https://mathworksheetkidscoloringdesigns.github.io/images/free-kindergarten-count-and-color-worksheet-5075.jpg,Printable Worksheets,04/17/2026 01:36:00 PM
Free Counting Objects Worksheet For Kindergarten Printable - Part 159 | Printable Practice,Printable Counting Objects worksheet designed for Kindergarten students. Easy and fun math practice.,https://mathworksheetkidscoloringdesigns.github.io/html/free-counting-objects-worksheet-for-kindergarten-printable-part-159-7350.html,https://mathworksheetkidscoloringdesigns.github.io/images/free-counting-objects-worksheet-for-kindergarten-printable-part-159-7350.jpg,Homeschool Math,04/17/2026 04:34:00 PM
Free 20 Division Math Worksheet For Grade 2 With Answers - Part 160 | Printable Practice,Free printable Division worksheet for Grade 2. Perfect for homeschool practice and classroom activities.,https://mathworksheetkidscoloringdesigns.github.io/html/free-20-division-math-worksheet-for-grade-2-with-answers-part-160-8065.html,https://mathworksheetkidscoloringdesigns.github.io/images/free-20-division-math-worksheet-for-grade-2-with-answers-part-160-8065.jpg,Kids Math Worksheets,04/17/2026 08:26:00 PM
4 Math Questions for Study,Teachers and parents love this Math worksheet for Math. Download and print instantly.,https://mathworksheetkidscoloringdesigns.github.io/html/4-math-questions-for-study-3958.html,https://mathworksheetkidscoloringdesigns.github.io/images/4-math-questions-for-study-3958.jpg,Kids Math Worksheets,04/18/2026 08:36:00 AM
Missing Number Math Worksheet,Fun and engaging Missing Number worksheet for Grade 1. Perfect printable math practice.,https://mathworksheetkidscoloringdesigns.github.io/html/missing-number-math-worksheet-6658.html,https://mathworksheetkidscoloringdesigns.github.io/images/missing-number-math-worksheet-6658.jpg,Math Practice Printables,04/18/2026 11:00:00 AM
Mixed Operations Math Worksheet,Free printable Mixed Operations worksheet for Grade 3. Perfect for homeschool practice and classroom activities.,https://mathworksheetkidscoloringdesigns.github.io/html/mixed-operations-math-worksheet-5570.html,https://mathworksheetkidscoloringdesigns.github.io/images/mixed-operations-math-worksheet-5570.jpg,Homeschool Math,04/18/2026 01:33:00 PM
Grade 2 Multiplication Practice Worksheet (21 Problems) - Part 164 | Printable Practice,Free printable Multiplication worksheet for Grade 2. Perfect for homeschool practice and classroom activities.,https://mathworksheetkidscoloringdesigns.github.io/html/grade-2-multiplication-practice-worksheet-21-problems-part-164-2950.html,https://mathworksheetkidscoloringdesigns.github.io/images/grade-2-multiplication-practice-worksheet-21-problems-part-164-2950.jpg,Homeschool Math,04/18/2026 04:28:00 PM
Free 21 Subtraction Math Worksheet For Grade 2 With Answers - Part 165 | Printable Practice,Help kids master Subtraction with this printable worksheet for Grade 2. Great for daily math practice.,https://mathworksheetkidscoloringdesigns.github.io/html/free-21-subtraction-math-worksheet-for-grade-2-with-answers-part-165-2414.html,https://mathworksheetkidscoloringdesigns.github.io/images/free-21-subtraction-math-worksheet-for-grade-2-with-answers-part-165-2414.jpg,Homeschool Math,04/18/2026 08:34:00 PM
Printable 2 Times Table Worksheet For Grade 2 - Part 166 | Printable Practice,Teachers and parents love this Times Table worksheet for Grade 2. Download and print instantly.,https://mathworksheetkidscoloringdesigns.github.io/html/printable-2-times-table-worksheet-for-grade-2-part-166-8356.html,https://mathworksheetkidscoloringdesigns.github.io/images/printable-2-times-table-worksheet-for-grade-2-part-166-8356.jpg,Math Practice Printables,04/19/2026 08:24:00 AM
Printable Tracing Worksheet For Kids - Part 167 | Free Printable,Help kids master Tracing with this printable worksheet for Preschool. Great for daily math practice.,https://mathworksheetkidscoloringdesigns.github.io/html/printable-tracing-worksheet-for-kids-part-167-1189.html,https://mathworksheetkidscoloringdesigns.github.io/images/printable-tracing-worksheet-for-kids-part-167-1189.jpg,Elementary Math Activities,04/19/2026 11:00:00 AM
Math Word Problem Worksheet,Printable Word Problem worksheet designed for Grade 3 students. Easy and fun math practice.,https://mathworksheetkidscoloringdesigns.github.io/html/math-word-problem-worksheet-2362.html,https://mathworksheetkidscoloringdesigns.github.io/images/math-word-problem-worksheet-2362.jpg,Elementary Math Activities,04/19/2026 01:23:00 PM
Grade 1 Addition Practice Worksheet (11 Problems) - Part 169 | Printable Practice,Teachers and parents love this Addition worksheet for Grade 1. Download and print instantly.,https://mathworksheetkidscoloringdesigns.github.io/html/grade-1-addition-practice-worksheet-11-problems-part-169-3120.html,https://mathworksheetkidscoloringdesigns.github.io/images/grade-1-addition-practice-worksheet-11-problems-part-169-3120.jpg,Elementary Math Activities,04/19/2026 04:32:00 PM
5 Free Count and Color Worksheets for Preschool,Teachers and parents love this Count and Color worksheet for Preschool. Download and print instantly.,https://mathworksheetkidscoloringdesigns.github.io/html/5-free-count-and-color-worksheets-for-preschool-3738.html,https://mathworksheetkidscoloringdesigns.github.io/images/5-free-count-and-color-worksheets-for-preschool-3738.jpg,Printable Worksheets,04/19/2026 08:24:00 PM
Kindergarten Count The Objects Worksheet - Part 171 | Printable Practice,Teachers and parents love this Counting Objects worksheet for Kindergarten. Download and print instantly.,https://mathworksheetkidscoloringdesigns.github.io/html/kindergarten-count-the-objects-worksheet-part-171-3980.html,https://mathworksheetkidscoloringdesigns.github.io/images/kindergarten-count-the-objects-worksheet-part-171-3980.jpg,Printable Worksheets,04/20/2026 08:30:00 AM
Printable Free 12 Division Math Worksheet For Grade 2 - Part 172 | Printable Practice,Printable Division worksheet designed for Grade 2 students. Easy and fun math practice.,https://mathworksheetkidscoloringdesigns.github.io/html/printable-free-12-division-math-worksheet-for-grade-2-part-172-7944.html,https://mathworksheetkidscoloringdesigns.github.io/images/printable-free-12-division-math-worksheet-for-grade-2-part-172-7944.jpg,Printable Worksheets,04/20/2026 11:07:00 AM
Challenging Math Skill Test Worksheet,Fun and engaging Math worksheet for Math. Perfect printable math practice.,https://mathworksheetkidscoloringdesigns.github.io/html/challenging-math-skill-test-worksheet-5562.html,https://mathworksheetkidscoloringdesigns.github.io/images/challenging-math-skill-test-worksheet-5562.jpg,Printable Worksheets,04/20/2026 01:34:00 PM
Missing Number Math Worksheet,Free printable Missing Number worksheet for Grade 1. Perfect for homeschool practice and classroom activities.,https://mathworksheetkidscoloringdesigns.github.io/html/missing-number-math-worksheet-9051.html,https://mathworksheetkidscoloringdesigns.github.io/images/missing-number-math-worksheet-9051.jpg,Printable Worksheets,04/20/2026 04:26:00 PM
Mixed Operations Math Worksheet,Free printable Mixed Operations worksheet for Grade 3. Perfect for homeschool practice and classroom activities.,https://mathworksheetkidscoloringdesigns.github.io/html/mixed-operations-math-worksheet-3472.html,https://mathworksheetkidscoloringdesigns.github.io/images/mixed-operations-math-worksheet-3472.jpg,Homeschool Math,04/20/2026 08:38:00 PM
Printable Free 28 Multiplication Math Worksheet For Grade 1 - Part 176 | Printable Practice,Printable Multiplication worksheet designed for Grade 1 students. Easy and fun math practice.,https://mathworksheetkidscoloringdesigns.github.io/html/printable-free-28-multiplication-math-worksheet-for-grade-1-part-176-4082.html,https://mathworksheetkidscoloringdesigns.github.io/images/printable-free-28-multiplication-math-worksheet-for-grade-1-part-176-4082.jpg,Elementary Math Activities,04/21/2026 08:26:00 AM
Grade 5 Subtraction Practice Worksheet (22 Problems) - Part 177 | Printable Practice,Free printable Subtraction worksheet for Grade 5. Perfect for homeschool practice and classroom activities.,https://mathworksheetkidscoloringdesigns.github.io/html/grade-5-subtraction-practice-worksheet-22-problems-part-177-2214.html,https://mathworksheetkidscoloringdesigns.github.io/images/grade-5-subtraction-practice-worksheet-22-problems-part-177-2214.jpg,Printable Worksheets,04/21/2026 11:00:00 AM
Printable 10 Times Table Worksheet For Grade 3 - Part 178 | Printable Practice,Free printable Times Table worksheet for Grade 3. Perfect for homeschool practice and classroom activities.,https://mathworksheetkidscoloringdesigns.github.io/html/printable-10-times-table-worksheet-for-grade-3-part-178-3231.html,https://mathworksheetkidscoloringdesigns.github.io/images/printable-10-times-table-worksheet-for-grade-3-part-178-3231.jpg,Math Practice Printables,04/21/2026 01:37:00 PM
Printable Tracing Worksheet For Kids - Part 179 | Free Printable,Help kids master Tracing with this printable worksheet for Kindergarten. Great for daily math practice.,https://mathworksheetkidscoloringdesigns.github.io/html/printable-tracing-worksheet-for-kids-part-179-9318.html,https://mathworksheetkidscoloringdesigns.github.io/images/printable-tracing-worksheet-for-kids-part-179-9318.jpg,Kids Math Worksheets,04/21/2026 04:37:00 PM
Math Word Problem Worksheet,Help kids master Word Problem with this printable worksheet for Grade 3. Great for daily math practice.,https://mathworksheetkidscoloringdesigns.github.io/html/math-word-problem-worksheet-1702.html,https://mathworksheetkidscoloringdesigns.github.io/images/math-word-problem-worksheet-1702.jpg,Math Practice Printables,04/21/2026 08:28:00 PM
Grade 5 Addition Practice Worksheet (26 Problems) - Part 181 | Printable Practice,Teachers and parents love this Addition worksheet for Grade 5. Download and print instantly.,https://mathworksheetkidscoloringdesigns.github.io/html/grade-5-addition-practice-worksheet-26-problems-part-181-4470.html,https://mathworksheetkidscoloringdesigns.github.io/images/grade-5-addition-practice-worksheet-26-problems-part-181-4470.jpg,Homeschool Math,04/22/2026 08:36:00 AM
Free Preschool Count and Color Worksheet,Teachers and parents love this Count and Color worksheet for Preschool. Download and print instantly.,https://mathworksheetkidscoloringdesigns.github.io/html/free-preschool-count-and-color-worksheet-1966.html,https://mathworksheetkidscoloringdesigns.github.io/images/free-preschool-count-and-color-worksheet-1966.jpg,Printable Worksheets,04/22/2026 11:00:00 AM
Kindergarten Count The Objects Worksheet - Part 183 | Printable Practice,Free printable Counting Objects worksheet for Kindergarten. Perfect for homeschool practice and classroom activities.,https://mathworksheetkidscoloringdesigns.github.io/html/kindergarten-count-the-objects-worksheet-part-183-6091.html,https://mathworksheetkidscoloringdesigns.github.io/images/kindergarten-count-the-objects-worksheet-part-183-6091.jpg,Math Practice Printables,04/22/2026 01:38:00 PM
Grade 2 Division Practice Worksheet (19 Problems) - Part 184 | Printable Practice,Printable Division worksheet designed for Grade 2 students. Easy and fun math practice.,https://mathworksheetkidscoloringdesigns.github.io/html/grade-2-division-practice-worksheet-19-problems-part-184-6524.html,https://mathworksheetkidscoloringdesigns.github.io/images/grade-2-division-practice-worksheet-19-problems-part-184-6524.jpg,Elementary Math Activities,04/22/2026 04:30:00 PM
4 Math Skill Test Practice Worksheet,Help kids master Math with this printable worksheet for Math. Great for daily math practice.,https://mathworksheetkidscoloringdesigns.github.io/html/4-math-skill-test-practice-worksheet-2989.html,https://mathworksheetkidscoloringdesigns.github.io/images/4-math-skill-test-practice-worksheet-2989.jpg,Kids Math Worksheets,04/22/2026 08:28:00 PM
Missing Number Math Worksheet,Fun and engaging Missing Number worksheet for Grade 1. Perfect printable math practice.,https://mathworksheetkidscoloringdesigns.github.io/html/missing-number-math-worksheet-7622.html,https://mathworksheetkidscoloringdesigns.github.io/images/missing-number-math-worksheet-7622.jpg,Elementary Math Activities,04/23/2026 08:31:00 AM
Mixed Operations Math Worksheet,Help kids master Mixed Operations with this printable worksheet for Grade 3. Great for daily math practice.,https://mathworksheetkidscoloringdesigns.github.io/html/mixed-operations-math-worksheet-5464.html,https://mathworksheetkidscoloringdesigns.github.io/images/mixed-operations-math-worksheet-5464.jpg,Kids Math Worksheets,04/23/2026 11:06:00 AM
Printable Free 12 Multiplication Math Worksheet For Grade 1 - Part 188 | Printable Practice,Free printable Multiplication worksheet for Grade 1. Perfect for homeschool practice and classroom activities.,https://mathworksheetkidscoloringdesigns.github.io/html/printable-free-12-multiplication-math-worksheet-for-grade-1-part-188-1859.html,https://mathworksheetkidscoloringdesigns.github.io/images/printable-free-12-multiplication-math-worksheet-for-grade-1-part-188-1859.jpg,Kids Math Worksheets,04/23/2026 01:30:00 PM
Grade 2 Subtraction Practice Worksheet (12 Problems) - Part 189 | Printable Practice,Printable Subtraction worksheet designed for Grade 2 students. Easy and fun math practice.,https://mathworksheetkidscoloringdesigns.github.io/html/grade-2-subtraction-practice-worksheet-12-problems-part-189-1343.html,https://mathworksheetkidscoloringdesigns.github.io/images/grade-2-subtraction-practice-worksheet-12-problems-part-189-1343.jpg,Math Practice Printables,04/23/2026 04:37:00 PM
Printable 5 Times Table Worksheet For Grade 2 - Part 190 | Printable Practice,Free printable Times Table worksheet for Grade 2. Perfect for homeschool practice and classroom activities.,https://mathworksheetkidscoloringdesigns.github.io/html/printable-5-times-table-worksheet-for-grade-2-part-190-5814.html,https://mathworksheetkidscoloringdesigns.github.io/images/printable-5-times-table-worksheet-for-grade-2-part-190-5814.jpg,Elementary Math Activities,04/23/2026 08:32:00 PM
Printable Tracing Worksheet For Kids - Part 191 | Free Printable,Fun and engaging Tracing worksheet for Kindergarten. Perfect printable math practice.,https://mathworksheetkidscoloringdesigns.github.io/html/printable-tracing-worksheet-for-kids-part-191-7386.html,https://mathworksheetkidscoloringdesigns.github.io/images/printable-tracing-worksheet-for-kids-part-191-7386.jpg,Math Practice Printables,04/24/2026 08:35:00 AM
Math Word Problem Worksheet,Teachers and parents love this Word Problem worksheet for Grade 3. Download and print instantly.,https://mathworksheetkidscoloringdesigns.github.io/html/math-word-problem-worksheet-6701.html,https://mathworksheetkidscoloringdesigns.github.io/images/math-word-problem-worksheet-6701.jpg,Elementary Math Activities,04/24/2026 11:00:00 AM
Free 30 Addition Math Worksheet For Grade 3 - Part 193 | Printable Practice,Printable Addition worksheet designed for Grade 3 students. Easy and fun math practice.,https://mathworksheetkidscoloringdesigns.github.io/html/free-30-addition-math-worksheet-for-grade-3-part-193-4720.html,https://mathworksheetkidscoloringdesigns.github.io/images/free-30-addition-math-worksheet-for-grade-3-part-193-4720.jpg,Homeschool Math,04/24/2026 01:38:00 PM
"Count and Color Flower, Apple, Ball Worksheet for Kids",Printable Count and Color worksheet designed for Kindergarten students. Easy and fun math practice.,https://mathworksheetkidscoloringdesigns.github.io/html/count-and-color-flower-apple-ball-worksheet-for-kids-2275.html,https://mathworksheetkidscoloringdesigns.github.io/images/count-and-color-flower-apple-ball-worksheet-for-kids-2275.jpg,Elementary Math Activities,04/24/2026 04:22:00 PM
Learn Counting With Pictures Worksheet (Kindergarten) - Part 195 | Printable Practice,Fun and engaging Counting Objects worksheet for Kindergarten. Perfect printable math practice.,https://mathworksheetkidscoloringdesigns.github.io/html/learn-counting-with-pictures-worksheet-kindergarten-part-195-2195.html,https://mathworksheetkidscoloringdesigns.github.io/images/learn-counting-with-pictures-worksheet-kindergarten-part-195-2195.jpg,Printable Worksheets,04/24/2026 08:38:00 PM
Grade 2 Division Practice Worksheet (11 Problems) - Part 196 | Printable Practice,Fun and engaging Division worksheet for Grade 2. Perfect printable math practice.,https://mathworksheetkidscoloringdesigns.github.io/html/grade-2-division-practice-worksheet-11-problems-part-196-4320.html,https://mathworksheetkidscoloringdesigns.github.io/images/grade-2-division-practice-worksheet-11-problems-part-196-4320.jpg,Kids Math Worksheets,04/25/2026 08:37:00 AM
Practice Math Knowledge Test for Students (7 Questions),Help kids master Math with this printable worksheet for Math. Great for daily math practice.,https://mathworksheetkidscoloringdesigns.github.io/html/practice-math-knowledge-test-for-students-7-questions-8801.html,https://mathworksheetkidscoloringdesigns.github.io/images/practice-math-knowledge-test-for-students-7-questions-8801.jpg,Printable Worksheets,04/25/2026 11:03:00 AM
Missing Number Math Worksheet,Fun and engaging Missing Number worksheet for Grade 1. Perfect printable math practice.,https://mathworksheetkidscoloringdesigns.github.io/html/missing-number-math-worksheet-1689.html,https://mathworksheetkidscoloringdesigns.github.io/images/missing-number-math-worksheet-1689.jpg,Homeschool Math,04/25/2026 01:31:00 PM
Mixed Operations Math Worksheet,Teachers and parents love this Mixed Operations worksheet for Grade 3. Download and print instantly.,https://mathworksheetkidscoloringdesigns.github.io/html/mixed-operations-math-worksheet-4922.html,https://mathworksheetkidscoloringdesigns.github.io/images/mixed-operations-math-worksheet-4922.jpg,Elementary Math Activities,04/25/2026 04:32:00 PM
Free 25 Multiplication Math Worksheet For Grade 1 - Part 200 | Printable Practice,Fun and engaging Multiplication worksheet for Grade 1. Perfect printable math practice.,https://mathworksheetkidscoloringdesigns.github.io/html/free-25-multiplication-math-worksheet-for-grade-1-part-200-7263.html,https://mathworksheetkidscoloringdesigns.github.io/images/free-25-multiplication-math-worksheet-for-grade-1-part-200-7263.jpg,Elementary Math Activities,04/25/2026 08:28:00 PM
